postal_code,DAUID
K0M2B0,35430719
K9J2T6,35061712
K9L0G4,35260001
L0E1E0,35210985
L0M1J0,35300151
L1B0K8,35390119
L1C4W9,35340142
L1E0G9,35180017
L1E1E5,35060701
L1G1N8,35061856
L1G7X9,35212032
L1H7J4,35211281
L1J0A5,35211554
L1J1C9,35320334
L1J4P8,35211480
L1J8J6,35110115
L1K0G9,35260489
L1K0N2,35202299
L1K1G2,35430855
L1K1J9,35190800
L1K2P3,35061410
L1K2T1,35490181
L1K3B6,35250611
L1K3C3,35390145
L1K3E6,35060381
L1K7X4,35190057
L1L0T9,35201170
L1N0L7,35201370
L1N8C9,35010289
L1N9R5,35202267
L1P0C1,35230146
L1P1C8,35202392
L1P1V7,35410218
L1R0R7,35202466
L1R2A8,35211104
L1R2N8,35420260
L1R2Y8,35180800
L1R2Z3,35240275
L1R3A3,35204087
L1R3N3,35180492
L1S0H5,35240466
L1S1B1,35180186
L1S1H6,35370861
L1S3G3,35320295
L1S3J2,35480089
L1S3J7,35203621
L1S3P1,35203299
L1S3R7,35010330
L1S5E4,35200396
L1S5Z1,35250922
L1S6L2,35260164
L1S6S4,35260079
L1S7C7,35370306
L1T0E1,35120237
L1T0E9,35430956
L1T0L2,35210732
L1T1W3,35320295
L1T2C5,35600346
L1T2V7,35240216
L1T3G6,35490190
L1T3H9,35211112
L1T3T5,35191270
L1T3T9,35061789
L1T4C8,35250759
L1T4G3,35240826
L1T4J6,35060704
L1T4M9,35190035
L1T4X3,35203202
L1T4X9,35201112
L1T4Z4,35241041
L1V0A5,35211052
L1V0C1,35300517
L1V0H3,35320183
L1V1S8,35580286
L1V2S1,35211881
L1V2Y8,35240616
L1V3C3,35060400
L1V3H6,35100044
L1V3K6,35190762
L1V3M4,35205013
L1V3R6,35204855
L1V3V5,35370159
L1V3W1,35061919
L1V3W3,35060595
L1V4T3,35290040
L1V4Y3,35300367
L1V5P7,35570160
L1V6A5,35280197
L1V6B3,35220139
L1V6G8,35250124
L1V6M9,35061855
L1V6S1,35360438
L1V6T3,35204274
L1V6T9,35211148
L1V7B5,35212358
L1V7C4,35400214
L1V7C9,35204427
L1V7G2,35203974
L1V7H5,35061247
L1W0C2,35250450
L1W1J3,35250878
L1W2G1,35202392
L1W3A6,35260781
L1W3H6,35060189
L1W3Z7,35301037
L1X0C8,35430687
L1X0E1,35530295
L1X0E2,35200360
L1X0E4,35140117
L1X0N9,35191290
L1X0P4,35212227
L1X1R4,35390689
L1X1Y9,35180350
L1X2H3,35061761
L1X2N9,35211006
L1X2S1,35201181
L1X2T1,35400111
L1X2V4,35260451
L1X2X7,35201081
L1Z0E3,35061575
L1Z0G9,35211544
L1Z0J7,35230392
L1Z0N5,35202483
L1Z0S6,35191128
L1Z1C1,35160173
L1Z1K4,35100041
L1Z1R4,35580383
L1Z1S1,35300247
L1Z1X7,35380285
L3P0N8,35250612
L3P1X6,35010359
L3P2P8,35430661
L3P4K5,35480205
L3P4Y8,35240541
L3P5J9,35260636
L3P6M3,35210602
L3P6X6,35212231
L3P7B6,35204780
L3P7H1,35204550
L3P7L6,35120160
L3P7T3,35200731
L3P7V8,35070274
L3P7W1,35210807
L3R0L6,35431062
L3R0R3,35180347
L3R1A1,35590082
L3R1H1,35180234
L3R1V5,35410246
L3R1X5,35250032
L3R2S7,35190285
L3R3G1,35390063
L3R3G6,35200648
L3R3H7,35100095
L3R3N4,35070155
L3R3N7,35530202
L3R3N9,35190564
L3R3P7,35212191
L3R3Y8,35210952
L3R4R8,35191288
L3R4X4,35201999
L3R5B5,35430783
L3R5C1,35430640
L3R5K9,35211577
L3R5M8,35204805
L3R5S6,35203734
L3R6V1,35070290
L3R6Y4,35240410
L3R6Z1,35211971
L3R7C6,35301005
L3R7G8,35061333
L3R7J5,35580061
L3R7V9,35203867
L3R7W2,35370638
L3R7W5,35580201
L3R7Y8,35530319
L3R8A5,35204220
L3R9J9,35180738
L3S0A2,35490154
L3S0B1,35210584
L3S0B5,35202013
L3S0C9,35250573
L3S1C4,35570297
L3S1E2,35201519
L3S1E4,35210601
L3S1E6,35191001
L3S1G5,35090139
L3S1L5,35202886
L3S1V5,35340025
L3S1Y4,35260342
L3S2A7,35180314
L3S2C4,35201986
L3S2C9,35190248
L3S2G7,35201705
L3S2K9,35200072
L3S2M2,35570123
L3S2N3,35340029
L3S2R8,35212221
L3S3B8,35180459
L3S3B9,35431355
L3S3C4,35201467
L3S3E2,35240461
L3S3H7,35180599
L3S3L9,35211124
L3S3N4,35212180
L3S3N8,35204613
L3S3P4,35190647
L3S3S9,35204166
L3S3T9,35181241
L3S3V3,35140153
L3S3W2,35600274
L3S4A4,35202125
L3S4A5,35200516
L3S4B4,35210371
L3S4B7,35260040
L3S4E8,35201369
L3S4G7,35420245
L3S4H6,35202509
L3S4H7,35010334
L3S4J4,35181243
L3S4J9,35431026
L3S4M8,35340221
L3S4N6,35230299
L3S4N7,35211854
L3S4P5,35431125
L3S4R6,35570316
L3S4S5,35530294
L3S4T4,35260516
L3T0A7,35190902
L3T4P3,35100310
L3T4R2,35431183
L3T4T6,35431260
L3T4X9,35060547
L3T5B2,35250260
L3T5H6,35200672
L3T5K1,35260069
L3T6T2,35204590
L3T7N1,35580411
L3T7N2,35480194
L3T7N3,35090119
L3X0A9,35211473
L3Y1A5,35430548
L3Y8T4,35220088
L3Z4H4,35470180
L4A0M9,35240675
L4A0R3,35530191
L4A0X3,35490225
L4A3S3,35190763
L4A4Y7,35060619
L4A5A8,35300730
L4B1R9,35300351
L4B1T7,35020185
L4B1V2,35370332
L4B3J7,35120346
L4B3S1,35431239
L4B4E6,35210714
L4B4G9,35202767
L4C0B5,35240425
L4C2X3,35431232
L4C3S6,35240387
L4C6X9,35260458
L4C9V5,35430702
L4E0P8,35210577
L4E4E5,35240464
L4E4E8,35210328
L4E4G7,35211687
L4E4L8,35190612
L4G2V1,35140243
L4M2B1,35203071
L4N5Z1,35190769
L4S0E9,35370137
L4S1B3,35210199
L4S1C8,35240822
L4S1J3,35060209
L4S1L2,35160171
L4S2K7,35580124
L4X2K5,35210275
L4Z1G4,35570379
L4Z1G9,35210035
L5G2A5,35061816
L6A0P1,35202140
L6B0B6,35210792
L6B0G3,35212329
L6B0H6,35202515
L6B0J2,35211818
L6B0L7,35190756
L6B0N2,35250907
L6B0P7,35280413
L6B0S6,35430749
L6B0Z7,35211887
L6B1B6,35201565
L6B1C2,35160140
L6B1C9,35360375
L6B1E1,35180028
L6B1H9,35300762
L6B1J4,35300878
L6B1L4,35211779
L6B1L6,35060467
L6B1N6,35390181
L6B1N9,35390729
L6C0C9,35300389
L6C0L2,35200666
L6C0P9,35190454
L6C0V1,35250681
L6C0X9,35204095
L6C1R9,35290313
L6C1W9,35201868
L6C2B8,35191062
L6C2B9,35202592
L6C2J1,35420252
L6C2K5,35203139
L6C2P2,35431200
L6C2P5,35240595
L6C2R6,35061927
L6C2Z8,35530191
L6E0J5,35190876
L6E0J7,35202180
L6E0K3,35100299
L6E0N8,35390119
L6E1E4,35370761
L6E1H9,35210206
L6E1P9,35430849
L6E1S7,35211968
L6E1V3,35300455
L6E1V5,35190516
L6E1W2,35190182
L6E1Z9,35250196
L6E2C8,35280369
L6G0B1,35590122
L6G0B3,35390798
L6G0B6,35200591
L6G0C1,35400125
L6G0G3,35181288
L6P1M5,35190671
L6V1H6,35190777
L6Y0K6,35431145
L6Y2P7,35140226
L7A2S9,35370294
L7B0P5,35190772
L8M2W6,35061203
L8V3S2,35203721
L9E1N2,35240669
L9P1R4,35180368
M1B0A3,35203435
M1B1A6,35203444
M1B1H5,35200860
M1B1K4,35100149
M1B1M6,35250680
M1B1M7,35300798
M1B1N2,35390344
M1B1P3,35310138
M1B1S5,35160129
M1B1T5,35410163
M1B1T6,35480074
M1B1V6,35390822
M1B1V7,35300460
M1B1V9,35430569
M1B1W6,35120101
M1B1W8,35380098
M1B1Z2,35240959
M1B1Z7,35191174
M1B2A5,35340218
M1B2B2,35390666
M1B2C7,35240910
M1B2E1,35212318
M1B2E7,35010355
M1B2E9,35360346
M1B2H1,35070287
M1B2H4,35211814
M1B2J5,35300554
M1B2M3,35360203
M1B2P4,35480195
M1B2V1,35240442
M1B2V3,35191185
M1B2W5,35240166
M1B2Z3,35300275
M1B2Z5,35181137
M1B2Z6,35370219
M1B2Z8,35250955
M1B3A2,35530151
M1B3G7,35210373
M1B3H3,35370272
M1B3L9,35340150
M1B3R5,35240303
M1B3V6,35070277
M1B3V7,35202586
M1B3X3,35190927
M1B3Y2,35220066
M1B4G6,35120328
M1B4K3,35440217
M1B4K4,35470201
M1B4L8,35204776
M1B4M7,35180990
M1B4P4,35180155
M1B4R2,35203580
M1B4S5,35061804
M1B4V7,35110082
M1B4V8,35070292
M1B4V9,35210215
M1B4W2,35260789
M1B4W8,35070209
M1B4X3,35190471
M1B4Y2,35240220
M1B5A5,35210014
M1B5B5,35390176
M1B5J7,35430803
M1B5K8,35570077
M1B5L7,35200687
M1B5M2,35203569
M1B5M3,35202762
M1B5N2,35210851
M1B5N6,35250547
M1B5P1,35090189
M1B5S1,35201175
M1B5S9,35210789
M1B5X1,35360197
M1B5X3,35380054
M1B5Z2,35181164
M1B5Z3,35203533
M1B5Z4,35580141
M1B5Z8,35202706
M1B6A8,35280380
M1B6E5,35200538
M1B6H8,35360360
M1B6J4,35260442
M1C0E7,35200599
M1C1E2,35190763
M1C1E3,35201397
M1C1H8,35212349
M1C1J3,35130050
M1C1J6,35200803
M1C1L1,35420238
M1C1S2,35260719
M1C1V5,35240922
M1C1W1,35370092
M1C1X6,35300541
M1C2A3,35061793
M1C2B3,35180305
M1C2E3,35390145
M1C2E4,35390258
M1C2G2,35530326
M1C2J1,35060718
M1C2K7,35201376
M1C2K9,35290139
M1C2M4,35202930
M1C2P5,35380102
M1C2Z7,35202113
M1C3C4,35370086
M1C3G8,35260651
M1C3H6,35560243
M1C3J6,35203435
M1C3J9,35290341
M1C3L9,35600340
M1C3M8,35200655
M1C3P4,35560204
M1C3P9,35191078
M1C3R3,35240036
M1C3S2,35201983
M1C3S4,35061604
M1C3T1,35240204
M1C3V3,35250757
M1C3W8,35061331
M1C4H5,35201578
M1C4K1,35390127
M1C4L7,35430981
M1C4T1,35211146
M1C4V1,35180215
M1C4W3,35240232
M1C4W4,35210193
M1C4W5,35250062
M1C4W7,35300432
M1C4Y9,35201824
M1C4Z8,35070162
M1C5A5,35181197
M1C5B2,35203229
M1C5E5,35180810
M1C5E6,35560306
M1E0B2,35431250
M1E0E6,35240565
M1E1C8,35200683
M1E1G7,35300628
M1E1K2,35260757
M1E1K8,35180784
M1E1K9,35180962
M1E1N8,35250534
M1E1N9,35203400
M1E1P2,35390955
M1E1R2,35191311
M1E1V9,35202898
M1E1Z1,35560324
M1E2A2,35140172
M1E2C2,35212266
M1E2K6,35204877
M1E2N1,35390243
M1E2R3,35460083
M1E2R6,35310141
M1E2R9,35010390
M1E2S1,35430704
M1E2S2,35480060
M1E2S8,35301027
M1E2V9,35320244
M1E3B2,35300954
M1E3C7,35430714
M1E3C9,35410244
M1E3E4,35140182
M1E3E8,35204416
M1E3E9,35150346
M1E3H5,35370743
M1E3H6,35061046
M1E3J5,35370890
M1E3L3,35300081
M1E3N9,35210536
M1E3P4,35210212
M1E3S2,35530281
M1E3T2,35300089
M1E3V1,35180193
M1E3V7,35530328
M1E3W7,35181279
M1E3X1,35061107
M1E3Z5,35130045
M1E4A4,35250908
M1E4C4,35061381
M1E4C8,35240897
M1E4E5,35380070
M1E4L4,35210473
M1E4M2,35370308
M1E4P9,35212299
M1E4R1,35210116
M1E4S9,35190421
M1E4T7,35203353
M1E4T9,35061395
M1E4V4,35320183
M1E4W7,35191218
M1E4Y2,35300588
M1E4Y3,35560241
M1E5A5,35370178
M1E5B2,35150240
M1E5B6,35600389
M1E5E1,35230186
M1E5K5,35260628
M1E5K7,35480024
M1G0A8,35300185
M1G0A9,35370172
M1G1A2,35570367
M1G1A7,35200255
M1G1B6,35530124
M1G1B8,35370783
M1G1H2,35580387
M1G1H8,35250786
M1G1J3,35470282
M1G1L7,35370814
M1G1M5,35211735
M1G1R3,35060023
M1G1R4,35510079
M1G1R6,35431225
M1G1S1,35480140
M1G1T5,35240519
M1G1V6,35070255
M1G1V8,35300539
M1G1Z2,35430911
M1G2H1,35410179
M1G2K4,35100069
M1G2M1,35212355
M1G2P4,35540128
M1G2R1,35250115
M1G2T6,35210832
M1G2T9,35204458
M1G2V3,35580126
M1G3A9,35201451
M1G3C7,35202486
M1G3C9,35431008
M1G3E1,35430588
M1G3J6,35250534
M1G3L6,35300918
M1G3P7,35201365
M1G3S6,35211593
M1G3S7,35431369
M1G3S8,35540098
M1G3S9,35390348
M1G3T1,35260771
M1G3T9,35201614
M1G3V2,35260189
M1H1A3,35260046
M1H1A6,35140258
M1H1A8,35370747
M1H1M4,35590089
M1H1M5,35190867
M1H1P5,35360394
M1H1P9,35430748
M1H1R1,35300911
M1H1R2,35250678
M1H1T6,35061487
M1H1V8,35440266
M1H1X1,35211879
M1H1X2,35060371
M1H2E9,35210791
M1H2G1,35210348
M1H2H3,35370273
M1H2J3,35200668
M1H2L1,35410226
M1H2L9,35220174
M1H2P9,35120288
M1H2T5,35200968
M1H2X1,35181300
M1H3A1,35260707
M1H3A2,35320197
M1H3G6,35120148
M1H3H2,35190339
M1H3H3,35431265
M1H3J2,35190660
M1H3J5,35190187
M1J0A2,35600369
M1J0A9,35250877
M1J1E7,35190302
M1J1G2,35211821
M1J1G4,35100033
M1J1G6,35280330
M1J1J4,35390158
M1J1K8,35260728
M1J1M7,35201964
M1J1P8,35260085
M1J1W1,35212256
M1J1X6,35240219
M1J1Y3,35300683
M1J1Y7,35250285
M1J1Z3,35204042
M1J1Z5,35203864
M1J1Z7,35060785
M1J2B7,35120355
M1J2C5,35300762
M1J2C8,35250232
M1J2G3,35203576
M1J2G5,35280195
M1J2G6,35240238
M1J2H8,35370373
M1J2L1,35100055
M1J2L2,35420299
M1J2M4,35380093
M1J2R8,35390634
M1J3B2,35201676
M1J3C4,35530167
M1J3C6,35360397
M1J3C8,35060135
M1J3C9,35570153
M1J3E1,35431036
M1J3E5,35203886
M1J3G5,35070320
M1J3J1,35390046
M1J3K2,35390053
M1J3K4,35490163
M1J3L2,35061915
M1J3L6,35180658
M1J3L7,35110093
M1J3N2,35280191
M1J3N3,35060936
M1J3N4,35211648
M1J3N5,35202021
M1J3N6,35390885
M1J3P3,35204227
M1J3P4,35460075
M1K1J6,35200909
M1K1P5,35010295
M1K1P9,35100196
M1K1R6,35204149
M1K1S2,35300268
M1K1X5,35210153
M1K2B2,35600356
M1K2B5,35240128
M1K2C2,35180403
M1K2E3,35430581
M1K2E4,35431391
M1K2E9,35200370
M1K2G8,35201390
M1K2K5,35431239
M1K2L7,35180639
M1K2N3,35260236
M1K2N6,35120269
M1K2N7,35240404
M1K2T4,35210361
M1K3A2,35203098
M1K3A7,35240285
M1K3A9,35430579
M1K3B8,35580420
M1K3C6,35431313
M1K3G6,35202364
M1K3H1,35150139
M1K3H5,35430761
M1K3H8,35380081
M1K3J2,35201070
M1K3J3,35180848
M1K3K7,35380259
M1K3M1,35260848
M1K3M2,35560279
M1K3M7,35190269
M1K3N6,35560194
M1K3N7,35340021
M1K3R9,35300987
M1K3T5,35370603
M1K3V7,35560195
M1K3W3,35430568
M1K3W5,35200499
M1K3W8,35580081
M1K3X5,35204359
M1K4C7,35212191
M1K4E2,35280280
M1K4G5,35204676
M1K4H6,35210939
M1K4H8,35420232
M1K4J5,35300816
M1K4J6,35160191
M1K4K6,35070209
M1K4L9,35060078
M1K4M3,35240842
M1K4N2,35440258
M1K4N8,35430908
M1K4P4,35210459
M1K4P6,35190420
M1K4P8,35290046
M1K4R1,35240739
M1K4S9,35570156
M1K4T2,35300136
M1K4T7,35120253
M1K4V6,35203294
M1K4W7,35212278
M1K4X5,35580129
M1K4Z2,35310206
M1K4Z4,35202042
M1K5A7,35530158
M1K5B4,35570073
M1K5H6,35140117
M1K5J3,35204331
M1K5J4,35430605
M1K5J7,35060655
M1K5L7,35210878
M1L0B5,35580450
M1L0G8,35211977
M1L1S1,35250635
M1L1W1,35180916
M1L1W7,35360448
M1L1Z7,35211466
M1L2J3,35240972
M1L2K9,35204114
M1L2N5,35191355
M1L2S8,35260680
M1L3E8,35010183
M1L4H5,35430891
M1L4P2,35220068
M1L4R9,35250065
M1L4S1,35211362
M1M0B6,35191347
M1M1B8,35202003
M1M1E4,35060678
M1M1K1,35203801
M1M1L5,35470282
M1M1L7,35060337
M1M1N8,35181205
M1M1P5,35203282
M1M1P6,35211777
M1M1R1,35360501
M1M1R8,35260547
M1M2E4,35060286
M1M2E6,35370524
M1M2G7,35360368
M1M2N9,35190864
M1M2P9,35260585
M1M2X1,35010354
M1M2Z2,35250970
M1M2Z8,35431146
M1M3A4,35070145
M1M3E2,35060185
M1M3N6,35200065
M1M3S6,35360172
M1M3T2,35060498
M1M3T7,35390766
M1M3T8,35204286
M1M3V2,35202364
M1M3W4,35201185
M1M3W5,35180810
M1N0B4,35380342
M1N1J3,35430917
M1N2G9,35211906
M1N3K8,35210403
M1N3N6,35140266
M1N3T1,35260063
M1N3W2,35240994
M1N4B2,35180595
M1P0B6,35201128
M1P1A1,35300801
M1P1J8,35211875
M1P1K2,35190213
M1P1P1,35300401
M1P1R2,35320265
M1P1S5,35060037
M1P1W9,35211527
M1P1X6,35202748
M1P1Z7,35250920
M1P2C2,35580372
M1P2E1,35260440
M1P2G4,35210152
M1P2H2,35420235
M1P2K6,35120134
M1P2L5,35590064
M1P2M7,35390638
M1P2M8,35190441
M1P2N1,35240587
M1P2P6,35190252
M1P2T8,35204357
M1P2T9,35290258
M1P2V6,35204357
M1P2V7,35470189
M1P2W3,35202467
M1P3G3,35250950
M1P3J2,35370122
M1P3K7,35070339
M1P3R1,35430635
M1P3R9,35060121
M1P3V7,35390198
M1P3W4,35190138
M1P4B9,35203048
M1P4N3,35260585
M1P4P2,35210723
M1P4S5,35190275
M1P4S9,35060504
M1P4V1,35370878
M1P4V6,35180567
M1P4W1,35370815
M1P4W3,35070244
M1P4Y6,35180153
M1P4Y8,35280151
M1P5A9,35390273
M1P5B6,35300141
M1P5C1,35212238
M1P5C3,35390854
M1P5C8,35120273
M1P5G2,35300333
M1P5J4,35203150
M1R0B6,35230383
M1R1C7,35204196
M1R1C9,35280257
M1R1H6,35300919
M1R1N4,35470250
M1R1P1,35230432
M1R1R8,35211926
M1R1S1,35180647
M1R1S6,35580476
M1R1S9,35201320
M1R1T1,35061769
M1R1T7,35290225
M1R2B2,35060844
M1R2H2,35300707
M1R2J6,35570188
M1R2N3,35204742
M1R2V8,35340057
M1R2V9,35203544
M1R2W2,35530323
M1R2W6,35260616
M1R2X5,35390198
M1R2X7,35200587
M1R2X8,35530044
M1R2Y4,35200093
M1R3A7,35201194
M1R3H1,35250250
M1R3H4,35431006
M1R3K5,35370682
M1R3P7,35201284
M1R3R7,35431091
M1R3X1,35190549
M1R3Y4,35061333
M1R3Z2,35431202
M1R3Z9,35260523
M1R4M5,35260675
M1R4V7,35260761
M1R4W2,35360246
M1R4X7,35202356
M1R4Y3,35210418
M1R5B1,35100104
M1R5E5,35600287
M1R5G9,35100193
M1R5H4,35200219
M1S0G3,35020073
M1S0G5,35160110
M1S0K6,35211291
M1S0L1,35580066
M1S1C1,35470248
M1S1G7,35060785
M1S1K9,35100081
M1S1L8,35061801
M1S1L9,35060844
M1S1N5,35190915
M1S1V8,35191143
M1S2A4,35210171
M1S2C6,35390460
M1S2G9,35390162
M1S2K7,35200660
M1S2M9,35201105
M1S2N7,35440173
M1S2P6,35210153
M1S2V8,35191156
M1S2Y6,35211968
M1S2Z1,35390062
M1S2Z5,35360336
M1S2Z9,35212367
M1S3G5,35240742
M1S3K6,35204761
M1S3T1,35202703
M1S3T4,35390828
M1S3W2,35181116
M1S3W3,35320154
M1S3W4,35202101
M1S3X2,35061363
M1S3X6,35360489
M1S3Z7,35300804
M1S4C3,35061565
M1S4H4,35200070
M1S4H6,35060751
M1S4H8,35300671
M1S4J6,35440203
M1S4K8,35570151
M1S4P4,35060469
M1S4R4,35010343
M1S4X3,35360253
M1S4Y2,35200578
M1S5B5,35212337
M1S5J8,35201280
M1S5J9,35370333
M1S5L6,35520106
M1S5T1,35360235
M1S5T7,35250185
M1S5W4,35240421
M1S5W5,35230184
M1S5W8,35201860
M1T0B7,35202123
M1T1A8,35201389
M1T1G6,35061393
M1T1G9,35180595
M1T1J2,35211205
M1T1M5,35201596
M1T1M6,35580056
M1T1V3,35260193
M1T2A7,35251024
M1T2G5,35250587
M1T2G9,35140199
M1T2K9,35020201
M1T2L5,35390058
M1T2M1,35390412
M1T2M4,35370202
M1T2M5,35230306
M1T2R3,35202733
M1T2V1,35190583
M1T3A1,35202881
M1T3B6,35061142
M1T3C4,35202622
M1T3G7,35100261
M1T3J8,35360354
M1T3K9,35061351
M1T3L1,35203761
M1T3M7,35300952
M1T3N2,35390633
M1T3N5,35190071
M1T3P3,35190541
M1T3P4,35260277
M1T3P6,35200680
M1T3P7,35203731
M1T3R1,35310119
M1T3R8,35061281
M1T3S3,35191070
M1T3S4,35211914
M1T3S6,35380079
M1T3S8,35061108
M1T3T7,35060562
M1T3V6,35060446
M1T3V7,35480095
M1T3V9,35250899
M1T3W4,35431350
M1T3W7,35180232
M1V0B5,35280278
M1V0E7,35061570
M1V0G6,35440183
M1V1B4,35200796
M1V1B7,35300142
M1V1E3,35140173
M1V1E4,35202267
M1V1E8,35410234
M1V1E9,35300977
M1V1H5,35150273
M1V1H9,35203789
M1V1J4,35260151
M1V1M1,35360338
M1V1M6,35061148
M1V1M9,35600319
M1V1R5,35370365
M1V1W1,35250230
M1V1W2,35240101
M1V1X8,35370341
M1V1Y3,35211443
M1V1Y4,35250632
M1V1Y8,35201316
M1V2A8,35431266
M1V2C1,35370703
M1V2E4,35060117
M1V2E9,35060918
M1V2G9,35570299
M1V2J4,35090166
M1V2J5,35440274
M1V2L3,35210517
M1V2P3,35180327
M1V2S8,35520132
M1V2V6,35570403
M1V3C5,35190623
M1V3E2,35570367
M1V3G6,35204024
M1V3J8,35210253
M1V3K3,35301049
M1V3K8,35430799
M1V3L2,35250338
M1V3M6,35240853
M1V3P1,35370394
M1V3W8,35181283
M1V4E9,35201888
M1V4H9,35390131
M1V4L1,35202345
M1V4N5,35060069
M1V4X7,35061552
M1V4X8,35570347
M1V4X9,35390108
M1V5E3,35440265
M1V5G5,35250288
M1V5G8,35340096
M1V5L2,35180352
M1V5L4,35210263
M1V5M3,35150230
M1V5M4,35300392
M1V5N5,35260302
M1V5N7,35212132
M1V5P4,35210984
M1W1B3,35203861
M1W1C6,35180284
M1W1E9,35410179
M1W1H9,35530099
M1W1J1,35260568
M1W1K7,35203445
M1W1L4,35250708
M1W1S1,35110122
M1W1S4,35160112
M1W1S8,35240835
M1W1T2,35204574
M1W1T8,35204986
M1W2C2,35260721
M1W2H9,35204856
M1W2J6,35250848
M1W2J9,35370788
M1W2M4,35203450
M1W2M5,35201254
M1W2N8,35250882
M1W2P2,35210307
M1W2R9,35370716
M1W2T1,35260121
M1W2V1,35201139
M1W2V2,35201243
M1W2X4,35480180
M1W2Y6,35061382
M1W2Z1,35470213
M1W3A4,35300353
M1W3C3,35110118
M1W3C4,35590094
M1W3E6,35260443
M1W3E7,35290011
M1W3H5,35530351
M1W3K1,35070210
M1W3L2,35240903
M1W3L7,35570130
M1W3P6,35210164
M1W3R3,35060568
M1W3R9,35060894
M1W3T8,35120349
M1W3V4,35060774
M1W3W1,35300793
M1W3W2,35201968
M1W3X1,35290110
M1W3X4,35400192
M1W3Z6,35300460
M1W3Z7,35430645
M1X0B4,35201611
M1X1K2,35212033
M1X1L2,35370810
M1X1M1,35061790
M1X1T2,35200125
M1X1T4,35530243
M1X1V3,35202583
M1X1V7,35203452
M1X1W5,35190444
M1X1Y7,35150101
M1X2A6,35190176
M1X2B9,35260822
M1X2E5,35070296
M2H1K3,35600400
M2H2K4,35211678
M2H2K6,35190736
M2H2P3,35431057
M2H2P4,35140257
M2H2P6,35070205
M2H2X9,35370645
M2H3C6,35061034
M2H3N2,35212321
M2J1A7,35240487
M2J1K2,35260591
M2J1L3,35212096
M2J1L6,35190607
M2J2C7,35201935
M2J2G9,35180850
M2J2Z6,35300386
M2J3C7,35250278
M2J3C9,35070322
M2J3K7,35211426
M2J3L4,35212189
M2J4E1,35240696
M2J4E3,35202002
M2J4P9,35390057
M2J4T6,35310209
M2J4T7,35202137
M2J4X7,35150261
M2J4X8,35240706
M2K0B1,35190910
M2K0E2,35260191
M2K1L5,35380178
M2K2M2,35100159
M2K2P3,35540084
M2K3B8,35203524
M2K3E5,35530305
M2L1E1,35060056
M2L1P9,35251059
M2L2G1,35203885
M2L2T8,35260428
M2M1B1,35300238
M2M2E9,35210036
M2M3L5,35300797
M2M4K8,35190539
M2M4L6,35204388
M2N1X8,35240327
M2N2C4,35280390
M2N2H3,35240479
M2N2K7,35191282
M2N2Z5,35070252
M2N4P5,35200687
M2N6X9,35240153
M2N6Z7,35190735
M2N7A1,35060833
M2N7H4,35240685
M2R3L3,35181116
M2R3W7,35420182
M3A1K3,35191321
M3A1L6,35260543
M3A1N1,35061829
M3A2B3,35204622
M3A2P6,35201787
M3A2R8,35100307
M3A2V4,35210348
M3A2Y4,35100094
M3A3V3,35390054
M3B2J2,35300158
M3B3B6,35210302
M3C0C7,35180820
M3C0N8,35202337
M3C1S5,35201412
M3C2C3,35061184
M3C2G7,35060681
M3C2Y6,35210584
M3C3A4,35420300
M3C3P3,35010226
M3C3P4,35181149
M3C4E8,35090185
M3H3N8,35061673
M3J2N7,35420170
M3L1P6,35210577
M4A1K1,35370385
M4A1L9,35211290
M4A1M2,35100061
M4A1V8,35370386
M4A2P7,35150273
M4A2T2,35390636
M4B1A7,35203690
M4B1W3,35203133
M4B2G1,35150114
M4B2J8,35240571
M4B2T3,35370814
M4B2T5,35300694
M4C1L5,35400154
M4C4P5,35061465
M4C5L5,35201166
M4C5L8,35430846
M4C5M7,35204289
M4C5N8,35370180
M4C5P8,35140197
M4E1S2,35201832
M4E2E1,35150072
M4E3V5,35580348
M4E3W1,35020103
M4H1E7,35211325
M4H1L4,35212099
M4H1L6,35120261
M4J4Y9,35180256
M4J5A9,35390215
M4K2Z8,35060681
M4P1Y3,35200518
M4S2H4,35060059
M4S3G2,35250123
M4X1A6,35060561
M4X1G5,35190628
M4X1G7,35061596
M4Y1X6,35430970
M4Y2X8,35061413
M5M1Z9,35190502
M5M4M3,35530284
M5N1B7,35020170
M6A1X4,35210522
M6L2N5,35400191
M6M2J5,35320311
M6M5C3,35211257
M6P4E4,35204321
M8V1Y8,35211914
M8Z3Y1,35100162
M9A0E3,35140115
M9P1B2,35061840
M9V1V2,35204635
M9V2M1,35570067
M9W6K5,35240894
N7S6M5,35070247
X0A2H0,35260438
X1X1X1,35240645
